{"cameraMode":{"drawMode":0,"name":"Shaded","section":"Shading Mode"},"sceneLighting":true,"audioPlay":false,"sceneViewState":{"m_AlwaysRefresh":false,"showFog":true,"showSkybox":true,"showFlares":true,"showImageEffects":true,"showParticleSystems":true,"showVisualEffectGraphs":true,"m_FxEnabled":true},"in2DMode":false,"pivot":{"x":1.0633785724639893,"y":9.459922790527344,"z":-7.2352705001831059},"rotation":{"x":-0.3142267167568207,"y":0.03046443685889244,"z":-0.010092027485370636,"w":-0.9488155245780945},"size":3.1314213275909426,"orthographic":false}