{"cameraMode":{"drawMode":0,"name":"Shaded","section":"Shading Mode"},"sceneLighting":false,"audioPlay":false,"sceneViewState":{"m_AlwaysRefresh":false,"showFog":true,"showSkybox":false,"showFlares":true,"showImageEffects":true,"showParticleSystems":true,"showVisualEffectGraphs":true,"m_FxEnabled":true},"in2DMode":false,"pivot":{"x":5.671976089477539,"y":0.18449187278747559,"z":-0.6866377592086792},"rotation":{"x":0.12351131439208985,"y":0.7026836276054382,"z":-0.12592582404613496,"w":0.6893265247344971},"size":4.627760410308838,"orthographic":false}